"paraula","url","origen","autor","nota"
"0","https://www.youtube.com/embed/fnbDGumgny8","youtube","generalitat",""
"1","https://www.youtube.com/embed/M2NObz3jCGM","youtube","generalitat",""
"10","https://www.youtube.com/embed/WO9MMPbthSQ","youtube","generalitat",""
"100","https://www.youtube.com/embed/tE6SwgBXz88","youtube","generalitat",""
"1000","https://www.youtube.com/embed/LqaR9NO8hmk","youtube","generalitat",""
"1.000","https://www.youtube.com/embed/LqaR9NO8hmk","youtube","generalitat",""
"1000000","https://www.youtube.com/embed/B_ppnwZVINU","youtube","generalitat",""
"1.000.000","https://www.youtube.com/embed/B_ppnwZVINU","youtube","generalitat",""
"11","https://www.youtube.com/embed/8Fz8Mpfqz0o","youtube","generalitat",""
"12","https://www.youtube.com/embed/J8IMqbsP36Y","youtube","generalitat",""
"13","https://www.youtube.com/embed/5MtpLQMzQco","youtube","generalitat",""
"14","https://www.youtube.com/embed/G3LCikifhug","youtube","generalitat",""
"15","https://www.youtube.com/embed/eJWTfvBks9M","youtube","generalitat",""
"16","https://www.youtube.com/embed/BdjQgvj2fx0","youtube","generalitat",""
"17","https://www.youtube.com/embed/AMQl47VoaLo","youtube","generalitat",""
"18","https://www.youtube.com/embed/MXmzW-t7Z0Y","youtube","generalitat",""
"19","https://www.youtube.com/embed/cFGBuHpHn9M","youtube","generalitat",""
"2","https://www.youtube.com/embed/1btxS7sZ7R4","youtube","generalitat",""
"20","https://www.youtube.com/embed/9jw0gn4wvTQ","youtube","generalitat",""
"3","https://www.youtube.com/embed/pOQ9T0pTC6I","youtube","generalitat",""
"4","https://www.youtube.com/embed/4eT85kkbZXw","youtube","generalitat",""
"5","https://www.youtube.com/embed/_uauzA6M5LQ","youtube","generalitat",""
"50","https://www.youtube.com/embed/6oRDvUVyc9E","youtube","generalitat",""
"500","https://www.youtube.com/embed/Ab7JwyRBQXg","youtube","generalitat",""
"6","https://www.youtube.com/embed/I2mW6491PqM","youtube","generalitat",""
"7","https://www.youtube.com/embed/t7g4Z3wH8EE","youtube","generalitat",""
"8","https://www.youtube.com/embed/svZHqF6ayG8","youtube","generalitat",""
"9","https://www.youtube.com/embed/zIFPGDw4H1U","youtube","generalitat",""
"a","https://www.youtube.com/embed/-hr-WLXOWRY","youtube","generalitat",""
"abril","https://www.youtube.com/embed/nUoY9WxhE1w","youtube","generalitat",""
"accident","https://www.youtube.com/embed/RAo6gTQYPiY","youtube","generalitat",""
"adeu","https://www.youtube.com/embed/p-4CdY_Za3M","youtube","generalitat",""
"aeroport","https://www.youtube.com/embed/udKaBV2fx1A","youtube","generalitat",""
"agost","https://www.youtube.com/embed/m8LGqj5hc-U","youtube","generalitat",""
"agressivitat","https://www.youtube.com/embed/EOeFImAzGtI","youtube","generalitat",""
"ahir","https://www.youtube.com/embed/tOJgDpL3QeI","youtube","generalitat",""
"aigua","https://www.youtube.com/embed/Zn4LCkuSuxY","youtube","generalitat",""
"aigua oxigenada","https://www.youtube.com/embed/CS4Fb3nE7wQ","youtube","generalitat",""
"aire condicionat","https://www.youtube.com/embed/hCw1q6f0BsA","youtube","generalitat",""
"ajudes tècniques","https://www.youtube.com/embed/8w__lwGRy34","youtube","generalitat",""
"albercoc","https://www.youtube.com/embed/RFd1-CGAqdk","youtube","generalitat",""
"alberg","https://www.youtube.com/embed/Kj8fahK2CjU","youtube","generalitat",""
"albergínia","https://www.youtube.com/embed/njJVcICwfmg","youtube","generalitat",""
"alcohol","https://www.youtube.com/embed/rYMnrC8tDrY","youtube","generalitat",""
"alcoholèmia","https://www.youtube.com/embed/7VeVcx3tQ2w","youtube","generalitat",""
"alegre","https://www.youtube.com/embed/yVnjE_yY8wk","youtube","generalitat",""
"alegria","https://www.youtube.com/embed/fWHwEXkhlcs","youtube","generalitat",""
"all","https://www.youtube.com/embed/nmm2iacUaVE","youtube","generalitat",""
"al·lèrgia","https://www.youtube.com/embed/NSQ98NmDao0","youtube","generalitat",""
"amanida","https://www.youtube.com/embed/laVeS_TNZu8","youtube","generalitat",""
"ambulància","https://www.youtube.com/embed/XXgZXBqC9EU","youtube","generalitat",""
"ambulatori","https://www.youtube.com/embed/Wnw-qh7PQt4","youtube","generalitat",""
"anàlisi clínica","https://www.youtube.com/embed/jTNkkufzQFs","youtube","generalitat",""
"ansietat","https://www.youtube.com/embed/LMg6mZpmAXE","youtube","generalitat",""
"ansió","https://www.youtube.com/embed/4ZbetWouPOc","youtube","generalitat",""
"ansiosa","https://www.youtube.com/embed/4ZbetWouPOc","youtube","generalitat",""
"antibiòtic","https://www.youtube.com/embed/WuRKfsEGR2Y","youtube","generalitat",""
"anticonceptiu","https://www.youtube.com/embed/2RKB9vdZBFs","youtube","generalitat",""
"any","https://www.youtube.com/embed/W6hdSUndIYY","youtube","generalitat",""
"aperitiu","https://www.youtube.com/embed/JRO69tqLoz4","youtube","generalitat",""
"arquitectura","https://www.youtube.com/embed/76RN3KBwZjM","youtube","generalitat",""
"arròs","https://www.youtube.com/embed/rq4dahAw6Jo","youtube","generalitat",""
"arrova","https://www.youtube.com/embed/CKqnXuDzPIo","youtube","generalitat",""
"art","https://www.youtube.com/embed/KjVphNS3594","youtube","generalitat",""
"artista","https://www.youtube.com/embed/NvUCJszwXeU","youtube","generalitat",""
"audiòfon","https://www.youtube.com/embed/OCuDlRxTpxA","youtube","generalitat",""
"autobús","https://www.youtube.com/embed/bwSTtMlAmAg","youtube","generalitat",""
"autocar","https://www.youtube.com/embed/gWa1MHRNk8M","youtube","generalitat",""
"autopista (1)","https://www.youtube.com/embed/Ygik5xGmnnU","youtube","generalitat",""
"autopista (2)","https://www.youtube.com/embed/5aY_-oWZAak","youtube","generalitat",""
"autovia","https://www.youtube.com/embed/gDl4kB3BU8E","youtube","generalitat",""
"avió","https://www.youtube.com/embed/Qia5nkEEixU","youtube","generalitat",""
"avorrida","https://www.youtube.com/embed/RF6yzo-w0-4","youtube","generalitat",""
"avorriment (1)","https://www.youtube.com/embed/YAVfdli7AWk","youtube","generalitat",""
"avorriment (2)","https://www.youtube.com/embed/3t_14QSrXAU","youtube","generalitat",""
"avorrit","https://www.youtube.com/embed/RF6yzo-w0-4","youtube","generalitat",""
"avui","https://www.youtube.com/embed/J4D3eZ31dJQ","youtube","generalitat",""
"b","https://www.youtube.com/embed/1N4gQuadIhg","youtube","generalitat",""
"bacallà","https://www.youtube.com/embed/pe2lLSUdyug","youtube","generalitat",""
"bacteri","https://www.youtube.com/embed/gctRdm3rcO8","youtube","generalitat",""
"barbeta","https://www.youtube.com/embed/fWNgF0Mm7js","youtube","generalitat",""
"bàscula","https://www.youtube.com/embed/WRxSsMNCJEg","youtube","generalitat",""
"beguda","https://www.youtube.com/embed/xviFjSoYnLU","youtube","generalitat",""
"beix","https://www.youtube.com/embed/Q-1wNSIhpug","youtube","generalitat",""
"bena (1)","https://www.youtube.com/embed/aYvui-_8lr8","youtube","generalitat",""
"bena (2)","https://www.youtube.com/embed/nCADUJdrIIA","youtube","generalitat",""
"berenar","https://www.youtube.com/embed/GsTQ7v14Bfc","youtube","generalitat",""
"bicicleta","https://www.youtube.com/embed/cnscX99mYqw","youtube","generalitat",""
"blanc","https://www.youtube.com/embed/I4oTqSzWZvQ","youtube","generalitat",""
"blat de moro","https://www.youtube.com/embed/SHDhXZ2me8o","youtube","generalitat",""
"blau","https://www.youtube.com/embed/3jJ850uMP1U","youtube","generalitat",""
"bleda","https://www.youtube.com/embed/Vr0nGecIeYI","youtube","generalitat",""
"bolet","https://www.youtube.com/embed/ZWs6K6aMCJw","youtube","generalitat",""
"bolquer","https://www.youtube.com/embed/likpzlzhGKs","youtube","generalitat",""
"bombó","https://www.youtube.com/embed/mrqleZBclo8","youtube","generalitat",""
"bona nit","https://www.youtube.com/embed/BeJYKJzey5I","youtube","generalitat",""
"bona tarda","https://www.youtube.com/embed/jMqbanYJCMo","youtube","generalitat",""
"bon dia","https://www.youtube.com/embed/vVcEYElk72I","youtube","generalitat",""
"bony","https://www.youtube.com/embed/zYCuFvhwcYk","youtube","generalitat",""
"botifarra","https://www.youtube.com/embed/j0uiEU3W3qM","youtube","generalitat",""
"braç trencat","https://www.youtube.com/embed/lQPSLgAh0Uo","youtube","generalitat",""
"broma","https://www.youtube.com/embed/qZZbKBd8v1M","youtube","generalitat",""
"bromista","https://www.youtube.com/embed/Ly7GkMUVx3A","youtube","generalitat",""
"c","https://www.youtube.com/embed/JZQRrpjci7g","youtube","generalitat",""
"ç","https://www.youtube.com/embed/F3zTtWo7RIA","youtube","generalitat",""
"cafè","https://www.youtube.com/embed/ZIN30Cc7jCc","youtube","generalitat",""
"calamar","https://www.youtube.com/embed/QJeBUj9uNR4","youtube","generalitat",""
"calçot","https://www.youtube.com/embed/TYZO_ONVVWw","youtube","generalitat",""
"calendari (1)","https://www.youtube.com/embed/gQZBAAejnX8","youtube","generalitat",""
"calendari (2)","https://www.youtube.com/embed/cHMwP8H23GE","youtube","generalitat",""
"calma","https://www.youtube.com/embed/_hVOEIJ3afg","youtube","generalitat",""
"camió","https://www.youtube.com/embed/4_V-C4kPlLs","youtube","generalitat",""
"caneló","https://www.youtube.com/embed/v3OO-HX4smU","youtube","generalitat",""
"cansament (1)","https://www.youtube.com/embed/tPpsrv85M5Q","youtube","generalitat",""
"cansament (2)","https://www.youtube.com/embed/SgyCu6tKhsA","youtube","generalitat",""
"caràcter","https://www.youtube.com/embed/qGdxzIMy_us","youtube","generalitat",""
"carn","https://www.youtube.com/embed/jwQaUk-n-UI","youtube","generalitat",""
"carretera (1)","https://www.youtube.com/embed/aN10Ks0aqG0","youtube","generalitat",""
"carretera (2)","https://www.youtube.com/embed/PLZuTSFZh-A","youtube","generalitat",""
"carxofa","https://www.youtube.com/embed/QzsLf_GecNw","youtube","generalitat",""
"catorze","https://www.youtube.com/embed/G3LCikifhug","youtube","generalitat",""
"cava (1)","https://www.youtube.com/embed/DEHHNNQhbk8","youtube","generalitat",""
"cava (2)","https://www.youtube.com/embed/W3U6xj7YtDo","youtube","generalitat",""
"ceba","https://www.youtube.com/embed/-mGmcqw5otU","youtube","generalitat",""
"cent","https://www.youtube.com/embed/tE6SwgBXz88","youtube","generalitat",""
"centre d'atenció primària","https://www.youtube.com/embed/Wnw-qh7PQt4","youtube","generalitat",""
"centre d'intermediació imserso","https://www.youtube.com/embed/gqje42EKzXw","youtube","generalitat",""
"cercle","https://www.youtube.com/embed/BXPMcPLb_mM","youtube","generalitat",""
"cereal","https://www.youtube.com/embed/_ycBs4WdW5w","youtube","generalitat",""
"cervesa","https://www.youtube.com/embed/wy58Mwumuvo","youtube","generalitat",""
"ciència","https://www.youtube.com/embed/AO3Q1LHhxuI","youtube","generalitat",""
"cigró","https://www.youtube.com/embed/uYHDnMWfr8Y","youtube","generalitat",""
"cinc","https://www.youtube.com/embed/_uauzA6M5LQ","youtube","generalitat",""
"cinc-cents","https://www.youtube.com/embed/Ab7JwyRBQXg","youtube","generalitat",""
"cinema","https://www.youtube.com/embed/H3uIGPLQ1l4","youtube","generalitat",""
"cinquanta","https://www.youtube.com/embed/6oRDvUVyc9E","youtube","generalitat",""
"cirera","https://www.youtube.com/embed/QrREKA8a0y8","youtube","generalitat",""
"clarejar","https://www.youtube.com/embed/pG31XT4KoJE","youtube","generalitat",""
"cloïssa","https://www.youtube.com/embed/MaIVe1JtVmg","youtube","generalitat",""
"coca (1)","https://www.youtube.com/embed/hsZoosvJXhg","youtube","generalitat",""
"coca (2)","https://www.youtube.com/embed/gX1BuLmJtvA","youtube","generalitat",""
"cocacola","https://www.youtube.com/embed/dNmHUSrFL2Q","youtube","generalitat",""
"coca-cola","https://www.youtube.com/embed/dNmHUSrFL2Q","youtube","generalitat",""
"coïssor","https://www.youtube.com/embed/_S_6UnZon08","youtube","generalitat",""
"coit","https://www.youtube.com/embed/YHiQLoxeikU","youtube","generalitat",""
"col","https://www.youtube.com/embed/xzn15fLXRzE","youtube","generalitat",""
"cola","https://www.youtube.com/embed/dNmHUSrFL2Q","youtube","generalitat","Coca-Cola"
"coliflor","https://www.youtube.com/embed/J1FlRuGHUSw","youtube","generalitat",""
"color","https://www.youtube.com/embed/trYG-uBKs4k","youtube","generalitat",""
"comandament a distància","https://www.youtube.com/embed/CsqpaRrC3BQ","youtube","generalitat",""
"com estàs?","https://www.youtube.com/embed/r-S2AMwxljM","youtube","generalitat",""
"compresa","https://www.youtube.com/embed/MVvYk5yOlwM","youtube","generalitat",""
"condó","https://www.youtube.com/embed/k00gTxzyaNs","youtube","generalitat",""
"cop","https://www.youtube.com/embed/t67SArkGPao","youtube","generalitat",""
"cor","https://www.youtube.com/embed/OYHWGPlfH1w","youtube","generalitat",""
"correu electrònic","https://www.youtube.com/embed/VADkMIzZMCQ","youtube","generalitat",""
"costella","https://www.youtube.com/embed/HNbGnXlAiHw","youtube","generalitat",""
"cotó fluix","https://www.youtube.com/embed/fWeLfPJTAuU","youtube","generalitat",""
"cotxe","https://www.youtube.com/embed/5roKTBbIR8o","youtube","generalitat",""
"cotxe de bombers","https://www.youtube.com/embed/1aw11Z5WNk4","youtube","generalitat",""
"cotxe de policia","https://www.youtube.com/embed/PopPFua--Sk","youtube","generalitat",""
"covard","https://www.youtube.com/embed/fzDro9OXB_A","youtube","generalitat",""
"covarda","https://www.youtube.com/embed/fzDro9OXB_A","youtube","generalitat",""
"covardia","https://www.youtube.com/embed/l-9hXWh85D4","youtube","generalitat",""
"crema","https://www.youtube.com/embed/h8K9R7jN3m0","youtube","generalitat",""
"cremada","https://www.youtube.com/embed/Vv6e-wKdUk0","youtube","generalitat",""
"cremallera","https://www.youtube.com/embed/aS_sq-eh088","youtube","generalitat",""
"crema solar","https://www.youtube.com/embed/FWq_iENVbXY","youtube","generalitat",""
"crispetes","https://www.youtube.com/embed/N5CJugrWYn4","youtube","generalitat",""
"croissant","https://www.youtube.com/embed/hAQwT3-CBN0","youtube","generalitat",""
"croqueta","https://www.youtube.com/embed/EXCNrDHJvA4","youtube","generalitat",""
"cuixa","https://www.youtube.com/embed/EnIYYYH8OBQ","youtube","generalitat",""
"cultura","https://www.youtube.com/embed/XC77UyZkv2s","youtube","generalitat",""
"curiós","https://www.youtube.com/embed/X2zC7rvn-nc","youtube","generalitat",""
"curiosa","https://www.youtube.com/embed/X2zC7rvn-nc","youtube","generalitat",""
"curiositat","https://www.youtube.com/embed/elx3elx7HLs","youtube","generalitat",""
"d","https://www.youtube.com/embed/OYMDpTfrfrQ","youtube","generalitat",""
"demà","https://www.youtube.com/embed/yq4_tVCbslk","youtube","generalitat",""
"depressió","https://www.youtube.com/embed/DRUe9-AFzDg","youtube","generalitat",""
"deprimit / deprimida","https://www.youtube.com/embed/DLeFuHuT7_0","youtube","generalitat",""
"de res","https://www.youtube.com/embed/cRe7HfukEA4","youtube","generalitat",""
"desembre","https://www.youtube.com/embed/TXTjw0zLkww","youtube","generalitat",""
"despertador de llum","https://www.youtube.com/embed/UICmsf7jfPU","youtube","generalitat",""
"despertador vibrador","https://www.youtube.com/embed/I4ObxNbn1r4","youtube","generalitat",""
"després","https://www.youtube.com/embed/QLY5Wj7wwMk","youtube","generalitat",""
"deu","https://www.youtube.com/embed/WO9MMPbthSQ","youtube","generalitat",""
"diari","https://www.youtube.com/embed/ck2hc1VY2zg","youtube","generalitat",""
"diarrea","https://www.youtube.com/embed/kJ1UtYQKSBQ","youtube","generalitat",""
"diccionari","https://www.youtube.com/embed/2-_yveHukTk","youtube","generalitat",""
"digital","https://www.youtube.com/embed/_qaYO_X-0EQ","youtube","generalitat",""
"dijous","https://www.youtube.com/embed/GuCAYAn1Od8","youtube","generalitat",""
"dilluns","https://www.youtube.com/embed/fxVG5VF2PDc","youtube","generalitat",""
"dimarts","https://www.youtube.com/embed/ciJLDF2aZXo","youtube","generalitat",""
"dimecres","https://www.youtube.com/embed/ZWL0SFbATZw","youtube","generalitat",""
"dinar","https://www.youtube.com/embed/z4Gkir6WNiQ","youtube","generalitat",""
"dinou","https://www.youtube.com/embed/cFGBuHpHn9M","youtube","generalitat",""
"disc dur","https://www.youtube.com/embed/NrjTkqg45ws","youtube","generalitat",""
"dissabte","https://www.youtube.com/embed/yDeJC1ezaUw","youtube","generalitat",""
"disset","https://www.youtube.com/embed/AMQl47VoaLo","youtube","generalitat",""
"diumenge","https://www.youtube.com/embed/fmEzhc8FsIM","youtube","generalitat",""
"divendres","https://www.youtube.com/embed/WVl8mHYYZg4","youtube","generalitat",""
"divuit","https://www.youtube.com/embed/MXmzW-t7Z0Y","youtube","generalitat",""
"dolor","https://www.youtube.com/embed/GNkpUMGRdcw","youtube","generalitat",""
"dolor (anímic)","https://www.youtube.com/embed/q7rP0LxiguE","youtube","generalitat",""
"dolor (intens)","https://www.youtube.com/embed/nqRk5tLk3zE","youtube","generalitat",""
"dos","https://www.youtube.com/embed/1btxS7sZ7R4","youtube","generalitat",""
"dos quarts de","https://www.youtube.com/embed/AoysdSTSwFk","youtube","generalitat",""
"dotze","https://www.youtube.com/embed/J8IMqbsP36Y","youtube","generalitat",""
"dues","https://www.youtube.com/embed/1btxS7sZ7R4","youtube","generalitat",""
"e","https://www.youtube.com/embed/wwdOwB3mojw","youtube","generalitat",""
"edat","https://www.youtube.com/embed/hqr4Ct5PtBs","youtube","generalitat",""
"educació","https://www.youtube.com/embed/JXXutB_muww","youtube","generalitat",""
"educada","https://www.youtube.com/embed/bmK4mDPdTFs","youtube","generalitat",""
"educat","https://www.youtube.com/embed/bmK4mDPdTFs","youtube","generalitat",""
"eina","https://www.youtube.com/embed/N6RspyQwQrI","youtube","generalitat",""
"electricitat","https://www.youtube.com/embed/73U49QloN-0","youtube","generalitat",""
"embaràs","https://www.youtube.com/embed/mXUoxOwEf68","youtube","generalitat",""
"embarassada","https://www.youtube.com/embed/ImmcQT4bnUE","youtube","generalitat",""
"embotit","https://www.youtube.com/embed/I7hYmMdobOU","youtube","generalitat",""
"encaminador (1)","https://www.youtube.com/embed/smgoyNZxjzg","youtube","generalitat",""
"encaminador (2)","https://www.youtube.com/embed/ZP14khobZRw","youtube","generalitat",""
"enciam","https://www.youtube.com/embed/27fQi5wOyq4","youtube","generalitat",""
"en punt","https://www.youtube.com/embed/kNFUVkKFmWc","youtube","generalitat",""
"ensaïmada","https://www.youtube.com/embed/o2ycKy9Jz-o","youtube","generalitat",""
"entrepà","https://www.youtube.com/embed/WCnZWDS4fzg","youtube","generalitat",""
"enuig","https://www.youtube.com/embed/r3QsxplES08","youtube","generalitat",""
"escales mecàniques","https://www.youtube.com/embed/MbNn3KiN6Kw","youtube","generalitat",""
"escàner","https://www.youtube.com/embed/02WZf8ZkrJQ","youtube","generalitat",""
"escultura","https://www.youtube.com/embed/UUeS2J4MrC8","youtube","generalitat",""
"és l'hora","https://www.youtube.com/embed/pTAUoDPnbBk","youtube","generalitat",""
"esmorzar de mig matí","https://www.youtube.com/embed/YkyfNeckmsU","youtube","generalitat",""
"esmorzar de primera hora","https://www.youtube.com/embed/NbwUQ5s7tYk","youtube","generalitat",""
"espagueti (1)","https://www.youtube.com/embed/6vrVf051r88","youtube","generalitat",""
"espagueti (2)","https://www.youtube.com/embed/T4WYW4tZgxk","youtube","generalitat",""
"espatlla","https://www.youtube.com/embed/0cYZS60V60k","youtube","generalitat",""
"espinacs","https://www.youtube.com/embed/Gr2o0Qo0H9w","youtube","generalitat",""
"esquena","https://www.youtube.com/embed/95Zo0gyoSc4","youtube","generalitat",""
"estar nerviós","https://www.youtube.com/embed/xSk2krNbFeE","youtube","generalitat",""
"estat d'ànim","https://www.youtube.com/embed/FpiZFgiVSpI","youtube","generalitat",""
"estiu","https://www.youtube.com/embed/SzWUPFgr_rY","youtube","generalitat",""
"estómac","https://www.youtube.com/embed/FPeQGfPXBKY","youtube","generalitat",""
"estrella","https://www.youtube.com/embed/_Y196Z2wJg4","youtube","generalitat",""
"exposició","https://www.youtube.com/embed/lQT5JoZf2RI","youtube","generalitat",""
"f","https://www.youtube.com/embed/2zSf0P1kKD4","youtube","generalitat",""
"facebook","https://www.youtube.com/embed/2sIswmbOCuI","youtube","generalitat",""
"farina","https://www.youtube.com/embed/ZP_ib654Bf0","youtube","generalitat",""
"farmàcia","https://www.youtube.com/embed/HKUzI08uaGQ","youtube","generalitat",""
"fatxenderia","https://www.youtube.com/embed/NMygd8Z-c6c","youtube","generalitat",""
"fava","https://www.youtube.com/embed/U9Tl8gzn-kk","youtube","generalitat",""
"fax","https://www.youtube.com/embed/6kAaXcmf0xA","youtube","generalitat",""
"febre","https://www.youtube.com/embed/yn21lk-gGs4","youtube","generalitat",""
"febrer","https://www.youtube.com/embed/8n76ozEwUgI","youtube","generalitat",""
"ferida","https://www.youtube.com/embed/Rn6553oDJas","youtube","generalitat",""
"fer-se de nit","https://www.youtube.com/embed/wEFksPR_pS4","youtube","generalitat",""
"festa","https://www.youtube.com/embed/s4P3a6Vy3Bw","youtube","generalitat",""
"flam","https://www.youtube.com/embed/WO2kvKCzDYs","youtube","generalitat",""
"forma","https://www.youtube.com/embed/pgxYjCr29Cg","youtube","generalitat",""
"formatge","https://www.youtube.com/embed/PyiVGkm5amY","youtube","generalitat",""
"fotografia","https://www.youtube.com/embed/zCpixk9chVI","youtube","generalitat",""
"fruita","https://www.youtube.com/embed/vCujc88Sd9g","youtube","generalitat",""
"fuet","https://www.youtube.com/embed/HD68Xi8JXNY","youtube","generalitat",""
"funicular","https://www.youtube.com/embed/cLvTWarvgXU","youtube","generalitat",""
"furgoneta","https://www.youtube.com/embed/LiOZdY_NI6Q","youtube","generalitat",""
"futur","https://www.youtube.com/embed/wT4cWCBhSGQ","youtube","generalitat",""
"g","https://www.youtube.com/embed/JiyhXmpHoYk","youtube","generalitat",""
"galeta","https://www.youtube.com/embed/ycBUa_nvfNo","youtube","generalitat",""
"galta","https://www.youtube.com/embed/yuZndSemmnM","youtube","generalitat",""
"gamba (1)","https://www.youtube.com/embed/6jjuN8Z6_20","youtube","generalitat",""
"gamba (2)","https://www.youtube.com/embed/wcR3LvfCtHo","youtube","generalitat",""
"gandul","https://www.youtube.com/embed/vFSxAeurvCQ","youtube","generalitat",""
"gandula","https://www.youtube.com/embed/vFSxAeurvCQ","youtube","generalitat",""
"ganduleria","https://www.youtube.com/embed/VFj_wAg1x6Y","youtube","generalitat",""
"gasolina","https://www.youtube.com/embed/8A2nJd2kovg","youtube","generalitat",""
"gelat","https://www.youtube.com/embed/lo5cwIWAQAs","youtube","generalitat",""
"gener","https://www.youtube.com/embed/0ZPllvs2o4Y","youtube","generalitat",""
"generós / generosa","https://www.youtube.com/embed/6PxAUSLbFlM","youtube","generalitat",""
"generositat","https://www.youtube.com/embed/5_DSO51rpfE","youtube","generalitat",""
"gràcies","https://www.youtube.com/embed/tPEkzI15pAw","youtube","generalitat",""
"gramàtica","https://www.youtube.com/embed/6JpTEma3L3Q","youtube","generalitat",""
"grip","https://www.youtube.com/embed/OFnzKhViPWg","youtube","generalitat",""
"gris","https://www.youtube.com/embed/3ZFMJNtH3_4","youtube","generalitat",""
"groc","https://www.youtube.com/embed/Kr9Lx7x4-eE","youtube","generalitat",""
"guia","https://www.youtube.com/embed/rhLF33WMz54","youtube","generalitat",""
"h","https://www.youtube.com/embed/AcQnDnHj6tU","youtube","generalitat",""
"hamburguesa","https://www.youtube.com/embed/z9mQbBGHIEI","youtube","generalitat",""
"helicòpter","https://www.youtube.com/embed/hQ6splo5GjQ","youtube","generalitat",""
"història","https://www.youtube.com/embed/uvMBz8bZF-g","youtube","generalitat",""
"hivern","https://www.youtube.com/embed/-3ic-LbCFcc","youtube","generalitat",""
"hola","https://www.youtube.com/embed/BdEvUY_pEus","youtube","generalitat",""
"hora","https://www.youtube.com/embed/Ayd6sl1GaNg","youtube","generalitat",""
"hospital","https://www.youtube.com/embed/b2CeXf8u5Ho","youtube","generalitat",""
"i","https://www.youtube.com/embed/7InDrSkVJd4","youtube","generalitat",""
"implant coclear","https://www.youtube.com/embed/USFrusOCFPM","youtube","generalitat",""
"impressora","https://www.youtube.com/embed/s7JtqHTUb1Q","youtube","generalitat",""
"infecció","https://www.youtube.com/embed/MiPvjcTnBqU","youtube","generalitat",""
"infermer","https://www.youtube.com/embed/3s7IRF-qdJs","youtube","generalitat",""
"infermera","https://www.youtube.com/embed/3s7IRF-qdJs","youtube","generalitat",""
"infusió","https://www.youtube.com/embed/u7ua7P1OFRc","youtube","generalitat",""
"instagram","https://www.youtube.com/embed/eyEDjfYUfH8","youtube","generalitat",""
"internet","https://www.youtube.com/embed/JnyKzpJL4FE","youtube","generalitat",""
"iode","https://www.youtube.com/embed/jn53pnL14iQ","youtube","generalitat",""
"iogurt","https://www.youtube.com/embed/3EhZtlB4qhg","youtube","generalitat",""
"j","https://www.youtube.com/embed/SEo7gKgWEdc","youtube","generalitat",""
"juliol","https://www.youtube.com/embed/Baode6hGY3A","youtube","generalitat",""
"juny","https://www.youtube.com/embed/mZKzstRrFvs","youtube","generalitat",""
"k","https://www.youtube.com/embed/6MEStGkpgFY","youtube","generalitat",""
"kiwi","https://www.youtube.com/embed/8LRez71NUm4","youtube","generalitat",""
"l","https://www.youtube.com/embed/dcCri1-9-K0","youtube","generalitat",""
"lasanya","https://www.youtube.com/embed/fM9wA-xkHQ8","youtube","generalitat",""
"lent","https://www.youtube.com/embed/Tda2JoVj3WU","youtube","generalitat",""
"lenta","https://www.youtube.com/embed/Tda2JoVj3WU","youtube","generalitat",""
"lila (1)","https://www.youtube.com/embed/xgGlFT27wQA","youtube","generalitat",""
"lila (2)","https://www.youtube.com/embed/jVUVpK1V0uc","youtube","generalitat",""
"literatura","https://www.youtube.com/embed/nor7LVC5foY","youtube","generalitat",""
"ll","https://www.youtube.com/embed/ZoBXG3hqkls","youtube","generalitat",""
"l·l","https://www.youtube.com/embed/dt1edeWCAGY","youtube","generalitat",""
"llapis de memòria","https://www.youtube.com/embed/P-ootza0uRs","youtube","generalitat",""
"llavi","https://www.youtube.com/embed/Q8rWPzcCjIY","youtube","generalitat",""
"llegum","https://www.youtube.com/embed/ueUEd29Ruh8","youtube","generalitat",""
"llentia","https://www.youtube.com/embed/4K6C0oLGPss","youtube","generalitat",""
"llet","https://www.youtube.com/embed/j7EYGZt-CJc","youtube","generalitat",""
"llibreria","https://www.youtube.com/embed/jqax88QPCnM","youtube","generalitat",""
"llimona","https://www.youtube.com/embed/jxfdZ4jBumM","youtube","generalitat",""
"llitera","https://www.youtube.com/embed/M8Y2cMOzVfQ","youtube","generalitat",""
"m","https://www.youtube.com/embed/zWboYvt_F5o","youtube","generalitat",""
"macarrons (1)","https://www.youtube.com/embed/c3IkTm7Ryz4","youtube","generalitat",""
"macarrons (2)","https://www.youtube.com/embed/uwkRVGT9bAw","youtube","generalitat",""
"maduixa","https://www.youtube.com/embed/h23M96SbB00","youtube","generalitat",""
"maig","https://www.youtube.com/embed/VSrOj7Sx0PA","youtube","generalitat",""
"malalt","https://www.youtube.com/embed/R3DFcCn4l7M","youtube","generalitat",""
"malalta","https://www.youtube.com/embed/R3DFcCn4l7M","youtube","generalitat",""
"mal de cap","https://www.youtube.com/embed/xH6nHZ6TZ8A","youtube","generalitat",""
"mal de panxa","https://www.youtube.com/embed/2UVCJHEz_lE","youtube","generalitat",""
"mal de queixal","https://www.youtube.com/embed/ZBvcGFMO3Hc","youtube","generalitat",""
"mandarina","https://www.youtube.com/embed/c3RWeghvhkg","youtube","generalitat",""
"mantega","https://www.youtube.com/embed/cHs_tocpl3k","youtube","generalitat",""
"màquina","https://www.youtube.com/embed/9rz-5TpbT6Q","youtube","generalitat",""
"març","https://www.youtube.com/embed/SQsijH01oHk","youtube","generalitat",""
"mareig","https://www.youtube.com/embed/w4Ojstc0iZE","youtube","generalitat",""
"marisc","https://www.youtube.com/embed/PtkLOUZGdqQ","youtube","generalitat",""
"marró","https://www.youtube.com/embed/zVNax6oi9OA","youtube","generalitat",""
"matí","https://www.youtube.com/embed/7CvHNN3uKW0","youtube","generalitat",""
"medecina","https://www.youtube.com/embed/wbzPS_mXGS4","youtube","generalitat",""
"mel","https://www.youtube.com/embed/DDx0bn1dtPc","youtube","generalitat",""
"melmelada","https://www.youtube.com/embed/wQQEFCcw4SA","youtube","generalitat",""
"meló","https://www.youtube.com/embed/F84AYHuMCc0","youtube","generalitat",""
"mercat","https://www.youtube.com/embed/oJjJIW1zD48","youtube","generalitat",""
"mes","https://www.youtube.com/embed/y3ZOsDIqhh8","youtube","generalitat",""
"metge","https://www.youtube.com/embed/JeJ5ns629Q0","youtube","generalitat",""
"metgessa","https://www.youtube.com/embed/JeJ5ns629Q0","youtube","generalitat",""
"metro","https://www.youtube.com/embed/pseteTL7S4o","youtube","generalitat",""
"migdia","https://www.youtube.com/embed/IzShdn5kcNk","youtube","generalitat",""
"mil","https://www.youtube.com/embed/LqaR9NO8hmk","youtube","generalitat",""
"milió","https://www.youtube.com/embed/B_ppnwZVINU","youtube","generalitat",""
"minut (1)","https://www.youtube.com/embed/MXj7b4A4yS0","youtube","generalitat",""
"minut (2)","https://www.youtube.com/embed/MyfEaqupNYw","youtube","generalitat",""
"missatge (1)","https://www.youtube.com/embed/PF4Ae0loqO8","youtube","generalitat",""
"missatge (2)","https://www.youtube.com/embed/me57qoZ_KaY","youtube","generalitat",""
"mitja lluna","https://www.youtube.com/embed/3t_3YLzKiUk","youtube","generalitat",""
"moc","https://www.youtube.com/embed/SrsJLCibjjw","youtube","generalitat",""
"molèstia","https://www.youtube.com/embed/rN9jJhpW5aY","youtube","generalitat",""
"molt de gust","https://www.youtube.com/embed/VR-eFLwIS2U","youtube","generalitat",""
"mongeta","https://www.youtube.com/embed/JJnxQbXOLjs","youtube","generalitat",""
"mongeta tendra","https://www.youtube.com/embed/kktTH3LJSk8","youtube","generalitat",""
"monument","https://www.youtube.com/embed/I4FvAGkhaPM","youtube","generalitat",""
"moto","https://www.youtube.com/embed/a17ybPGbXnc","youtube","generalitat",""
"multa","https://www.youtube.com/embed/gcFnkUnS-sQ","youtube","generalitat",""
"musclo","https://www.youtube.com/embed/n4-pwtB5CEA","youtube","generalitat",""
"museu","https://www.youtube.com/embed/nPOPDykckIo","youtube","generalitat",""
"música","https://www.youtube.com/embed/hMJh4N0vLJA","youtube","generalitat",""
"n","https://www.youtube.com/embed/6eHB1b9Gvnk","youtube","generalitat",""
"nadal","https://www.youtube.com/embed/uH4bW06mnM0","youtube","generalitat",""
"nata","https://www.youtube.com/embed/qTOO7ycUJC0","youtube","generalitat",""
"negre","https://www.youtube.com/embed/XyLnikUc8Nk","youtube","generalitat",""
"nerviós","https://www.youtube.com/embed/6NeXloD_Xb4","youtube","generalitat",""
"nerviosa","https://www.youtube.com/embed/6NeXloD_Xb4","youtube","generalitat",""
"nit","https://www.youtube.com/embed/ruWWCtmkZPg","youtube","generalitat",""
"nom","https://www.youtube.com/embed/6nNhewcp404","youtube","generalitat",""
"nou","https://www.youtube.com/embed/zIFPGDw4H1U","youtube","generalitat",""
"novembre","https://www.youtube.com/embed/AX8d0bGZxM8","youtube","generalitat",""
"ny","https://www.youtube.com/embed/0iw_QxUIeqM","youtube","generalitat",""
"o","https://www.youtube.com/embed/i2GSCltfbzM","youtube","generalitat",""
"octubre","https://www.youtube.com/embed/wRO8lROM8pA","youtube","generalitat",""
"oli","https://www.youtube.com/embed/43ilHtDPNdU","youtube","generalitat",""
"oliva","https://www.youtube.com/embed/G-bCbbI9ygs","youtube","generalitat",""
"onze","https://www.youtube.com/embed/8Fz8Mpfqz0o","youtube","generalitat",""
"onze de setembre / diada","https://www.youtube.com/embed/Mm5XRsN62N8","youtube","generalitat",""
"operació","https://www.youtube.com/embed/9aDm13nv_pE","youtube","generalitat",""
"ordinador","https://www.youtube.com/embed/OXTBUXcPnOs","youtube","generalitat",""
"ou","https://www.youtube.com/embed/LNP_PkXD30M","youtube","generalitat",""
"oval (1)","https://www.youtube.com/embed/EE91fw9nBRs","youtube","generalitat",""
"oval  (2)","https://www.youtube.com/embed/5hiPONgWRSc","youtube","generalitat",""
"pa","https://www.youtube.com/embed/7tfbhdSuvh0","youtube","generalitat",""
"pa de motlle","https://www.youtube.com/embed/g2IvunpeYRQ","youtube","generalitat",""
"pa de pessic","https://www.youtube.com/embed/1kv9QVQ3WkI","youtube","generalitat",""
"paella (1)","https://www.youtube.com/embed/F736SeAijl4","youtube","generalitat",""
"paella (2)","https://www.youtube.com/embed/apVAaJEGAVM","youtube","generalitat",""
"pantalla","https://www.youtube.com/embed/94y2aMutEus","youtube","generalitat",""
"panxa","https://www.youtube.com/embed/gm8mY9KqmVo","youtube","generalitat",""
"parada d'autobús","https://www.youtube.com/embed/RtG0upFWOSI","youtube","generalitat",""
"parada de taxis","https://www.youtube.com/embed/rqNgyYMSQPk","youtube","generalitat",""
"parada de tramvia","https://www.youtube.com/embed/dxCn2BvTLHY","youtube","generalitat",""
"passat","https://www.youtube.com/embed/jtHo1BX2Oi0","youtube","generalitat",""
"pasta","https://www.youtube.com/embed/4qgH-pdGqIE","youtube","generalitat",""
"pastanaga","https://www.youtube.com/embed/vMYFREi9lkU","youtube","generalitat",""
"pastís","https://www.youtube.com/embed/ZBxgotg9j8M","youtube","generalitat",""
"pastisseria","https://www.youtube.com/embed/qAH5Z-ynIWk","youtube","generalitat",""
"patata","https://www.youtube.com/embed/yS0WBAhnMeM","youtube","generalitat",""
"paté","https://www.youtube.com/embed/Fa_sa9XiNuk","youtube","generalitat",""
"patinet","https://www.youtube.com/embed/azgaUzJVdWs","youtube","generalitat",""
"peatge","https://www.youtube.com/embed/tYw9fEBMCSc","youtube","generalitat",""
"pebrot","https://www.youtube.com/embed/ADoor0YoBLE","youtube","generalitat",""
"peix","https://www.youtube.com/embed/zLx-5aETEBY","youtube","generalitat",""
"pera","https://www.youtube.com/embed/WYIyBC-ENuQ","youtube","generalitat",""
"perdó","https://www.youtube.com/embed/dBkivS6BewU","youtube","generalitat",""
"pernil","https://www.youtube.com/embed/28EOTq4qK_8","youtube","generalitat",""
"pernil dolç","https://www.youtube.com/embed/1P3cE2x_nrA","youtube","generalitat",""
"pèsol","https://www.youtube.com/embed/nNkyEkJ3KLM","youtube","generalitat",""
"p (frontal)","https://www.youtube.com/embed/OPQc8Nu8ACM","youtube","generalitat",""
"picada","https://www.youtube.com/embed/td_dR5TpNxs","youtube","generalitat",""
"píndola","https://www.youtube.com/embed/SsRkHhykXZI","youtube","generalitat",""
"pizza","https://www.youtube.com/embed/COHP6xURmUQ","youtube","generalitat",""
"plàtan","https://www.youtube.com/embed/meyCZJPVg18","youtube","generalitat",""
"p (lateral)","https://www.youtube.com/embed/85WuTFsvmug","youtube","generalitat",""
"pollastre","https://www.youtube.com/embed/ib3QSB4nVhE","youtube","generalitat",""
"poma","https://www.youtube.com/embed/iMukXk_4OBc","youtube","generalitat",""
"pomada","https://www.youtube.com/embed/FDifoHvd0bo","youtube","generalitat",""
"por","https://www.youtube.com/embed/L92ZPkaqKdU","youtube","generalitat",""
"port","https://www.youtube.com/embed/N5jKrq0KpV4","youtube","generalitat",""
"postres","https://www.youtube.com/embed/dvFx8s7upy8","youtube","generalitat",""
"present","https://www.youtube.com/embed/q56E4clPW0w","youtube","generalitat",""
"preservatiu","https://www.youtube.com/embed/k00gTxzyaNs","youtube","generalitat",""
"préssec","https://www.youtube.com/embed/SKI8TT1g51U","youtube","generalitat",""
"presumir","https://www.youtube.com/embed/rBjyN6k-hgk","youtube","generalitat",""
"primavera","https://www.youtube.com/embed/Hen6pgLBTT4","youtube","generalitat",""
"pulmó (1)","https://www.youtube.com/embed/BjKFV2FraaY","youtube","generalitat",""
"pulmó (2)","https://www.youtube.com/embed/aZM3z5kXSm4","youtube","generalitat",""
"puré","https://www.youtube.com/embed/VduZcIrdLIU","youtube","generalitat",""
"q","https://www.youtube.com/embed/I-ncwlL-niM","youtube","generalitat",""
"quadrat","https://www.youtube.com/embed/Y7zCQEA_km0","youtube","generalitat",""
"quan (futur)","https://www.youtube.com/embed/hFJ-G4YUYcs","youtube","generalitat",""
"quan (passat)","https://www.youtube.com/embed/4cWnLnATLQw","youtube","generalitat",""
"quatre","https://www.youtube.com/embed/4eT85kkbZXw","youtube","generalitat",""
"quatre estacions","https://www.youtube.com/embed/jZqrqEEn5jk","youtube","generalitat",""
"queixal","https://www.youtube.com/embed/j009awAZGZ8","youtube","generalitat",""
"quinze","https://www.youtube.com/embed/eJWTfvBks9M","youtube","generalitat",""
"r","https://www.youtube.com/embed/cwyGcNzNqrs","youtube","generalitat",""
"radar aeri","https://www.youtube.com/embed/5HXjSZKNdiY","youtube","generalitat",""
"radar de trànsit","https://www.youtube.com/embed/zP9_4au4hug","youtube","generalitat",""
"radiografia","https://www.youtube.com/embed/1sha7I-6q00","youtube","generalitat",""
"raïm","https://www.youtube.com/embed/TLDeV9LkRBw","youtube","generalitat",""
"ratolí","https://www.youtube.com/embed/rnrtdoVT-9E","youtube","generalitat",""
"ratolí","https://www.youtube.com/embed/5pFNyWRqmh8","youtube","generalitat",""
"recepta","https://www.youtube.com/embed/Om4MviuUmaI","youtube","generalitat",""
"rectangle","https://www.youtube.com/embed/kkuFKK49ac8","youtube","generalitat",""
"refredat","https://www.youtube.com/embed/YJPTsRzNp-w","youtube","generalitat",""
"relació sexual","https://www.youtube.com/embed/-CdwYg0qRzs","youtube","generalitat",""
"reproductor dvd","https://www.youtube.com/embed/4mjOH-dvJJ0","youtube","generalitat",""
"respirar","https://www.youtube.com/embed/4qXzVOZJigI","youtube","generalitat",""
"rombe","https://www.youtube.com/embed/zlB91nNlotM","youtube","generalitat",""
"ros","https://www.youtube.com/embed/AWt8c0TKhLI","youtube","generalitat",""
"rosa","https://www.youtube.com/embed/K-CC-hBN3Y4","youtube","generalitat",""
"rr","https://www.youtube.com/embed/FFo_9nsdtWo","youtube","generalitat",""
"s","https://www.youtube.com/embed/h-f9JZ5eiQk","youtube","generalitat",""
"sal","https://www.youtube.com/embed/JYd5xnodij8","youtube","generalitat",""
"saler","https://www.youtube.com/embed/4weFVllxQHA","youtube","generalitat",""
"salmó","https://www.youtube.com/embed/AKbGwY694jo","youtube","generalitat",""
"salsa","https://www.youtube.com/embed/xJ8Vp4Mh3so","youtube","generalitat",""
"salsitxa","https://www.youtube.com/embed/ByaSbUvFBdQ","youtube","generalitat",""
"sant jordi","https://www.youtube.com/embed/CG_5OFGV4NI","youtube","generalitat",""
"sardina","https://www.youtube.com/embed/5du6nIE1-xI","youtube","generalitat",""
"segon","https://www.youtube.com/embed/OCtMoWgUO4k","youtube","generalitat",""
"sempre","https://www.youtube.com/embed/gKmwh91v-ws","youtube","generalitat",""
"sentiment","https://www.youtube.com/embed/UE3Xnwxmj0U","youtube","generalitat",""
"senzill","https://www.youtube.com/embed/wZtGn9VEGTs","youtube","generalitat",""
"senzillesa","https://www.youtube.com/embed/8kiMaRf2vvU","youtube","generalitat",""
"seriós","https://www.youtube.com/embed/neOPOw2Bpgc","youtube","generalitat",""
"seriosa","https://www.youtube.com/embed/neOPOw2Bpgc","youtube","generalitat",""
"seriositat","https://www.youtube.com/embed/kIU1om4tOr0","youtube","generalitat",""
"set","https://www.youtube.com/embed/t7g4Z3wH8EE","youtube","generalitat",""
"setembre","https://www.youtube.com/embed/EqmXtewAmP0","youtube","generalitat",""
"setmana (1)","https://www.youtube.com/embed/04MCFaonN2M","youtube","generalitat",""
"setmana (2)","https://www.youtube.com/embed/g2EEdBXUyM0","youtube","generalitat",""
"setmana santa","https://www.youtube.com/embed/CcAgagLP0Rs","youtube","generalitat",""
"setze","https://www.youtube.com/embed/BdjQgvj2fx0","youtube","generalitat",""
"sexe","https://www.youtube.com/embed/zkQ2zk_IVRc","youtube","generalitat",""
"sexualitat","https://www.youtube.com/embed/Y7SsHKsgC5s","youtube","generalitat",""
"simpatia","https://www.youtube.com/embed/A8zBtmlJYB0","youtube","generalitat",""
"simpàtic","https://www.youtube.com/embed/hqoIMobMRrU","youtube","generalitat",""
"simpàtica","https://www.youtube.com/embed/hqoIMobMRrU","youtube","generalitat",""
"síndria (1)","https://www.youtube.com/embed/QweII3yAHvc","youtube","generalitat",""
"síndria (2)","https://www.youtube.com/embed/hMvqJSzENy0","youtube","generalitat",""
"sis","https://www.youtube.com/embed/I2mW6491PqM","youtube","generalitat",""
"si us plau","https://www.youtube.com/embed/ngYvoqorrFc","youtube","generalitat",""
"sopa","https://www.youtube.com/embed/neZfK2YHlpQ","youtube","generalitat",""
"sopar","https://www.youtube.com/embed/85D26Wi89HY","youtube","generalitat",""
"sovint","https://www.youtube.com/embed/1iR_0LULmhc","youtube","generalitat",""
"ss","https://www.youtube.com/embed/95AtXYLvHmA","youtube","generalitat",""
"submarí","https://www.youtube.com/embed/gm4pfm-x2wQ","youtube","generalitat",""
"subtitulació","https://www.youtube.com/embed/972bA_3hpcM","youtube","generalitat",""
"suc de fruita","https://www.youtube.com/embed/_52hLWJp-8U","youtube","generalitat",""
"sucre (1)","https://www.youtube.com/embed/evOQuFntyZE","youtube","generalitat",""
"sucre (2)","https://www.youtube.com/embed/eiIZXdfzCOw","youtube","generalitat",""
"supositori","https://www.youtube.com/embed/8NjlzKoA_Lk","youtube","generalitat",""
"t","https://www.youtube.com/embed/kVgZsUxpTFY","youtube","generalitat",""
"tall","https://www.youtube.com/embed/hNmPjB3clE0","youtube","generalitat",""
"tallat","https://www.youtube.com/embed/hc4EaWLBSrc","youtube","generalitat",""
"tampó","https://www.youtube.com/embed/pTIdoW906_0","youtube","generalitat",""
"tard","https://www.youtube.com/embed/cl34oNzCWoA","youtube","generalitat",""
"tarda","https://www.youtube.com/embed/jBPUKfL9Lgc","youtube","generalitat",""
"tardor (1)","https://www.youtube.com/embed/cmcQR5QGLV0","youtube","generalitat",""
"tardor (2)","https://www.youtube.com/embed/JkOarPTtf2s","youtube","generalitat",""
"taronja","https://www.youtube.com/embed/07sap41SBiI","youtube","generalitat",""
"taronja","https://www.youtube.com/embed/oMsAXTPKlUU","youtube","generalitat",""
"tauleta","https://www.youtube.com/embed/z9Q8sYUFc3E","youtube","generalitat",""
"taxi","https://www.youtube.com/embed/hBqWPacdy2c","youtube","generalitat",""
"teatre","https://www.youtube.com/embed/MVms1CHPhtA","youtube","generalitat",""
"teclat","https://www.youtube.com/embed/oUZyKDCEtc8","youtube","generalitat",""
"tecnologia","https://www.youtube.com/embed/ar5IdXkLTwI","youtube","generalitat",""
"telèferic","https://www.youtube.com/embed/p7JO3Z3cC5o","youtube","generalitat",""
"telèfon","https://www.youtube.com/embed/jJKDcCo6ZTw","youtube","generalitat",""
"telèfon mòbil","https://www.youtube.com/embed/9jK6fZ8PnHA","youtube","generalitat",""
"televisió","https://www.youtube.com/embed/68OMnIusJ2Y","youtube","generalitat",""
"temps","https://www.youtube.com/embed/UIHmCMeSK-I","youtube","generalitat",""
"termòmetre (1)","https://www.youtube.com/embed/S56V55hAl5E","youtube","generalitat",""
"termòmetre (2)","https://www.youtube.com/embed/bIpTSO6CxSk","youtube","generalitat",""
"tímid","https://www.youtube.com/embed/W-k--vLSNeo","youtube","generalitat",""
"tímida","https://www.youtube.com/embed/W-k--vLSNeo","youtube","generalitat",""
"timidesa","https://www.youtube.com/embed/qxwjuhcQfs0","youtube","generalitat",""
"tireta","https://www.youtube.com/embed/9kKE4IpdxGs","youtube","generalitat",""
"tomàquet","https://www.youtube.com/embed/_cc-R8GvJes","youtube","generalitat",""
"tonyina","https://www.youtube.com/embed/-U8vzyWinDw","youtube","generalitat",""
"torrada","https://www.youtube.com/embed/eUYow-Jrvk4","youtube","generalitat",""
"tos","https://www.youtube.com/embed/faF2NDzymlw","youtube","generalitat",""
"tractament","https://www.youtube.com/embed/MdEWGwo3HG4","youtube","generalitat",""
"tradició","https://www.youtube.com/embed/_jrJjlhmDx4","youtube","generalitat",""
"tramvia","https://www.youtube.com/embed/huxe0jL6ytQ","youtube","generalitat",""
"tranquil·litat","https://www.youtube.com/embed/cyxFfAuaag4","youtube","generalitat",""
"tranquil / tranquil·la (1)","https://www.youtube.com/embed/96Nt44kHESc","youtube","generalitat",""
"tranquil / tranquil·la (2)","https://www.youtube.com/embed/MfC8JAZBU18","youtube","generalitat",""
"trànsit","https://www.youtube.com/embed/pJAuXM_9yjo","youtube","generalitat",""
"transport","https://www.youtube.com/embed/w6DbJc2Z4HU","youtube","generalitat",""
"tren","https://www.youtube.com/embed/SNhmawWKVGM","youtube","generalitat",""
"tres","https://www.youtube.com/embed/pOQ9T0pTC6I","youtube","generalitat",""
"tres quarts de","https://www.youtube.com/embed/jPvPVPIJPyI","youtube","generalitat",""
"tretze","https://www.youtube.com/embed/5MtpLQMzQco","youtube","generalitat",""
"triangle","https://www.youtube.com/embed/Lfx9zyWK5hY","youtube","generalitat",""
"tristesa (1)","https://www.youtube.com/embed/JHTF9n1i1Xw","youtube","generalitat",""
"tristesa (2)","https://www.youtube.com/embed/oGzUTZWX0AM","youtube","generalitat",""
"turisme","https://www.youtube.com/embed/Mq2TU5DVrUM","youtube","generalitat",""
"twitter","https://www.youtube.com/embed/Yya--KxSfrY","youtube","generalitat",""
"tx","https://www.youtube.com/embed/xC9QyRFj_YM","youtube","generalitat",""
"u","https://www.youtube.com/embed/Z8vxzgPzs5Y","youtube","generalitat",""
"un","https://www.youtube.com/embed/M2NObz3jCGM","youtube","generalitat",""
"una","https://www.youtube.com/embed/M2NObz3jCGM","youtube","generalitat",""
"un quart de","https://www.youtube.com/embed/1_pbMZQz0F0","youtube","generalitat",""
"urgències","https://www.youtube.com/embed/Md53ZyKzpKU","youtube","generalitat",""
"usb","https://www.youtube.com/embed/P-ootza0uRs","youtube","generalitat",""
"v","https://www.youtube.com/embed/-rB5MQyBQRI","youtube","generalitat",""
"vaixell","https://www.youtube.com/embed/tr24ykLi80Q","youtube","generalitat",""
"valent","https://www.youtube.com/embed/amXBPgTA5O8","youtube","generalitat",""
"valenta","https://www.youtube.com/embed/amXBPgTA5O8","youtube","generalitat",""
"valentia","https://www.youtube.com/embed/ayD0c_lVZFE","youtube","generalitat",""
"velocitat","https://www.youtube.com/embed/RUGicmewaCQ","youtube","generalitat",""
"verd","https://www.youtube.com/embed/S4Q77GwDpgM","youtube","generalitat",""
"verdura (1)","https://www.youtube.com/embed/rjoawCxTygw","youtube","generalitat",""
"verdura (2)","https://www.youtube.com/embed/IF5GkEHSWzU","youtube","generalitat",""
"vermell","https://www.youtube.com/embed/ZzskMCqZaqg","youtube","generalitat",""
"vermut","https://www.youtube.com/embed/B1tt5M3TU2U","youtube","generalitat",""
"vi","https://www.youtube.com/embed/2Lb_SGitqNc","youtube","generalitat",""
"videoconferència","https://www.youtube.com/embed/Uzfixh5p9_I","youtube","generalitat",""
"videojoc","https://www.youtube.com/embed/02c3jd_0xHQ","youtube","generalitat",""
"vinagre","https://www.youtube.com/embed/DJANQ32mm6s","youtube","generalitat",""
"vi negre","https://www.youtube.com/embed/jnXrpjcvYik","youtube","generalitat",""
"vint","https://www.youtube.com/embed/9jw0gn4wvTQ","youtube","generalitat",""
"virus","https://www.youtube.com/embed/s460YXPCsfo","youtube","generalitat",""
"vòmit","https://www.youtube.com/embed/RpUNHBdV5eE","youtube","generalitat",""
"vuit","https://www.youtube.com/embed/svZHqF6ayG8","youtube","generalitat",""
"vulva","https://www.youtube.com/embed/n84_vbg1UeI","youtube","generalitat",""
"w","https://www.youtube.com/embed/zRFdJpp1ujc","youtube","generalitat",""
"web","https://www.youtube.com/embed/g7OY1OYyMU4","youtube","generalitat",""
"whatsapp","https://www.youtube.com/embed/n8MmLroTJwo","youtube","generalitat",""
"wifi","https://www.youtube.com/embed/4oJJh7JGWkw","youtube","generalitat",""
"x","https://www.youtube.com/embed/QhRk2w28XUQ","youtube","generalitat",""
"xampinyó","https://www.youtube.com/embed/jv7OfijxkBo","youtube","generalitat",""
"xarop","https://www.youtube.com/embed/m7e243xFQ0M","youtube","generalitat",""
"xat","https://www.youtube.com/embed/CT1chBghDas","youtube","generalitat",""
"xeringa","https://www.youtube.com/embed/IfRdMmXnAO0","youtube","generalitat",""
"xerrera","https://www.youtube.com/embed/wFPACzy_gEg","youtube","generalitat",""
"xocolata","https://www.youtube.com/embed/1tj1L89QnJA","youtube","generalitat",""
"xoriço","https://www.youtube.com/embed/pW_btwgWNWw","youtube","generalitat",""
"y","https://www.youtube.com/embed/xO-hvboYlN8","youtube","generalitat",""
"z","https://www.youtube.com/embed/c0PZNIxYxhk","youtube","generalitat",""
"zero","https://www.youtube.com/embed/fnbDGumgny8","youtube","generalitat",""
